id,resource_id,title,poster,language
1,460465,Mortal Kombat,/xGuOF1T3WmPsAcQEQJfnG7Ud9f8.jpg,en
2,399566,Godzilla vs. Kong,/pgqgaUx1cJb5oZQQ5v0tNARCeBp.jpg,en
3,804435,Vanquish,/AoWY1gkcNzabh229Icboa1Ff0BM.jpg,en
4,615457,Nobody,/oBgWY00bEFeZ9N25wWVyuQddbAo.jpg,en
5,635302,Demon Slayer -Kimetsu no Yaiba- The Movie: Mugen Train,/h8Rb9gBr48ODIwYUttZNYeMWeUU.jpg,ja
6,632357,The Unholy,/b4gYVcl8pParX8AjkN90iQrWrWO.jpg,en
7,726684,Miraculous World: Shanghai – The Legend of Ladydragon,/xt2EwFW5cxcmbDnVmH8izSftUtE.jpg,fr
8,791373,Zack Snyder's Justice League,/tnAuB8q5vv7Ax9UAEje5Xi4BXik.jpg,en
9,615678,Thunder Force,/duK11VQd4UPDa7UJrgrGx90xJOx.jpg,en
10,634528,The Marksman,/6vcDalR50RWa309vBH1NLmG2rjQ.jpg,en
11,527774,Raya and the Last Dragon,/lPsD10PP4rgUGiGR4CCXA6iY0QQ.jpg,en
12,567189,Tom Clancy's Without Remorse,/rEm96ib0sPiZBADNKBHKBv5bve9.jpg,en
13,736069,Justice Society: World War II,/e4REOC6CZW8J6FslA4nRvdQXFXR.jpg,en
14,412656,Chaos Walking,/9kg73Mg8WJKlB9Y2SAJzeDKAnuB.jpg,en
15,813258,Monster Pets: A Hotel Transylvania Short,/dkokENeY5Ka30BFgWAqk14mbnGs.jpg,en
16,458576,Monster Hunter,/1UCOF11QCw8kcqvce8LKOO6pimh.jpg,en
17,793723,Sentinelle,/fFRq98cW9lTo6di2o4lK1qUAWaN.jpg,fr
18,464052,Wonder Woman 1984,/8UlWHLMpgZm9bx6QYh0NFoq67TZ.jpg,en
19,587807,Tom & Jerry,/yMoMlJo2msoVwmuf6k1C78MrB3H.jpg,en
20,544401,Cherry,/pwDvkDyaHEU9V7cApQhbcSJMG1w.jpg,en
21,775996,Outside the Wire,/6XYLiMxHAaCsoyrVo38LBWMw2p8.jpg,en
22,587996,Below Zero,/dWSnsAGTfc8U27bWsy2RfwZs0Bs.jpg,es
23,663558,New Gods: Nezha Reborn,/6goDkAD6J3br81YMQf0Gat8Bqjy.jpg,zh
24,581389,Space Sweepers,/p9YDHJKvUoi7v2SCd3vLGPae1Xp.jpg,ko
25,581387,Ashfall,/zoeKREZ2IdAUnXISYCS0E6H5BVh.jpg,ko
26,664767,Mortal Kombat Legends: Scorpion's Revenge,/4VlXER3FImHeFuUjBShFamhIp9M.jpg,en
27,508442,Soul,/hm58Jw4Lw8OIeECIq5qyPYhAeRJ.jpg,en
28,522444,Black Water: Abyss,/95S6PinQIvVe4uJAd82a2iGZ0rA.jpg,en
29,644083,Twist,/h3oT6lZcYC2khtZnzHBgqthj5W.jpg,en
30,529203,The Croods: A New Age,/tbVZ3Sq88dZaCANlUcewQuHQOaE.jpg,en
31,647302,Benny Loves You,/mQ8vALvqA0z0qglG3gI6xpVcslo.jpg,en
32,755812,"Miraculous World: New York, United HeroeZ",/kIHgjAkuzvKBnmdstpBOo4AfZah.jpg,fr
33,559581,Stowaway,/yOscLK7KzEPDdi1P8RmevGIjOSp.jpg,en
34,649087,Red Dot,/xZ2KER2gOHbuHP2GJoODuXDSZCb.jpg,sv
35,602269,The Little Things,/c7VlGCCgM9GZivKSzBgzuOVxQn7.jpg,en
36,604822,Vanguard,/mKvw1Ic9enfFlCPBNJGiejRPMUO.jpg,zh
37,560144,Skylines,/2W4ZvACURDyhiNnSIaFPHfNbny3.jpg,en
38,651571,Breach,/13B6onhL6FzSN2KaNeQeMML05pS.jpg,en
39,515454,Come True,/qIi2AEAvavVP9DySExT5CYN0ocy.jpg,en
40,578908,Bad Trip,/A1Gy5HX3DKGaNW1Ay30NTIVJqJ6.jpg,en
41,495764,Birds of Prey (and the Fantabulous Emancipation of One Harley Quinn),/h4VB6m0RwcicVEZvzftYZyKXs6K.jpg,en
42,579051,Silk Road,/6KxiEWyIDpz1ikmD7nv3GTX4Uoj.jpg,en
43,791910,Rise of the Mummy,/tmghT8HaddVIS9hEXIOI9GuDchi.jpg,en
44,606523,Night in Paradise,/dYCWUAidqgakGETwZkfGxU7CWhL.jpg,ko
45,590706,Jiu Jitsu,/eLT8Cu357VOwBVTitkmlDEg32Fs.jpg,en
46,283566,Evangelion: 3.0+1.0 Thrice Upon a Time,/jDwZavHo99JtGsCyRzp4epeeBHx.jpg,ja
47,802504,Just Say Yes,/3btDwus5VN5jOWfA9strpDJWwfj.jpg,nl
48,38700,Bad Boys for Life,/y95lQLnuNKdPAzw9F9Ab8kJ80c3.jpg,en
49,592350,My Hero Academia: Heroes Rising,/zGVbrulkupqpbwgiNedkJPyQum4.jpg,ja
50,539885,Ava,/qzA87Wf4jo1h8JMk9GilyIYvwsA.jpg,en
51,794960,Blood Moon,/9umVH1R5Z2I1Fqzg7qwMIR2gpKG.jpg,en
52,630586,Wrong Turn,/4U1SBHmwHkNA0eHZ2n1CuiC1K1g.jpg,en
53,660943,Forgotten We’ll Be,/cKCVRr3Hvy4MoV2R0tvS31C9wql.jpg,es
54,553604,Honest Thief,/zeD4PabP6099gpE0STWJrJrCBCs.jpg,en
55,384018,Fast & Furious Presents: Hobbs & Shaw,/qRyy2UmjC5ur9bDi3kpNNRCc5nc.jpg,en
56,722780,For the Sake of Vicious,/iqO2sTFqm6XwEXmlLxKDX75RPjY.jpg,en
57,475557,Joker,/udDclJoHjfjb8Ekgsd4FDteOkCU.jpg,en
58,556867,Breaking News in Yuba County,/pMyCYtgfBmMisX3RFc5eH6zIV5Y.jpg,en
59,613504,After We Collided,/kiX7UYfOpYrMFSAGbI6j1pFkLzQ.jpg,en
60,545609,Extraction,/wlfDxbGEsW58vGhFljKkcR5IxDj.jpg,en
61,20982,Naruto Shippuden the Movie,/vDkct38sSFSWJIATlfJw0l3QOIR.jpg,ja
62,501929,The Mitchells vs. The Machines,/1RjkFdP1pQrqQ3DYKuxR9JnQ5JO.jpg,en
63,338762,Bloodshot,/8WUVHemHFH2ZIP6NWkwlHWsyrEL.jpg,en
64,607383,Aquaslash,/wB8qqLIaYDkYEnjbS5hAJiTuYU6.jpg,en
65,797394,Secret Magic Control Agency,/4ZSzEDVdxWVMVO4oZDvoodQOEfr.jpg,ru
66,577922,Tenet,/k68nPLbIST6NP96JmTxmZijEvCA.jpg,en
67,299536,Avengers: Infinity War,/7WsyChQLEftFiDOVTGkv3hFpyyt.jpg,en
68,786300,Tentacles,/kBKKXVbVwIP81u8Bnhguux48Sdn.jpg,en
69,609242,The Heist of the Century,/aSGwXbaTMxUhrfXT6xyZKqoklfB.jpg,es
70,484718,Coming 2 America,/nWBPLkqNApY5pgrJFMiI9joSI30.jpg,en
71,531499,The Tax Collector,/3eg0kGC2Xh0vhydJHO37Sp4cmMt.jpg,en
72,400160,The SpongeBob Movie: Sponge on the Run,/jlJ8nDhMhCYJuzOw3f52CP1W8MW.jpg,en
73,582306,Assassin 33 A.D.,/8jDvtdH327I8TgX3UPdkAsZF1dA.jpg,en
74,631939,The Legion,/6ssoBXQOxNhrsGJoM6Tcvm57V79.jpg,en
75,666750,Dragonheart: Vengeance,/qs6gz6atyQcAvqC6qZaslOjliUG.jpg,en
76,763568,Arlo the Alligator Boy,/oOQMJM7G2W8v2AEK722k8welIJY.jpg,en
77,520946,100% Wolf,/2VrvxK4yxNCU6KVgo5TADJeBEQu.jpg,en
78,796849,Ride or Die,/c7JzcVK4OZY1u7HYiFBOASkKPP5.jpg,ja
79,585381,Souvenir,/33dxxU2Z6eQM6VU7QPN8lZM5o9a.jpg,es
